,x,y,time,theta
0.0,1190.5,308.0,0.006176948547363281,-0.06637248354145356
